{
  "results": [
    {
      "command": "fast-yaml",
      "mean": 0.10299407254000001,
      "stddev": 0.001013140326104495,
      "median": 0.10301443934,
      "user": 0.15058770000000002,
      "system": 0.011793540000000002,
      "min": 0.10182268884000001,
      "max": 0.10509010584,
      "times": [
        0.10207918884,
        0.10307723084,
        0.10348514784,
        0.10298435584,
        0.10190185584,
        0.10396356384000001,
        0.10509010584,
        0.10249206484000001,
        0.10182268884000001,
        0.10304452284
      ],
      "exit_codes": [
        0,
        0,
        0,
        0,
        0,
        0,
        0,
        0,
        0,
        0
      ]
    },
    {
      "command": "js-yaml",
      "mean": 0.05897863074,
      "stddev": 0.0011852362007613545,
      "median": 0.05885604284,
      "user": 0.0807766,
      "system": 0.008932840000000001,
      "min": 0.057762521840000004,
      "max": 0.06174335584,
      "times": [
        0.057980105840000004,
        0.05790914784,
        0.05968439784,
        0.059286105840000006,
        0.05831977284,
        0.05857806384,
        0.057762521840000004,
        0.06174335584,
        0.059388813840000006,
        0.05913402184
      ],
      "exit_codes": [
        0,
        0,
        0,
        0,
        0,
        0,
        0,
        0,
        0,
        0
      ]
    }
  ]
}
