{
  "results": [
    {
      "command": "fast-yaml",
      "mean": 0.037549239820000004,
      "stddev": 0.0008265289433332416,
      "median": 0.037277177620000004,
      "user": 0.08472561999999997,
      "system": 0.00817354,
      "min": 0.036414094120000004,
      "max": 0.03917088512,
      "times": [
        0.03726038612,
        0.03917088512,
        0.03859280212,
        0.03714176112,
        0.03712959412,
        0.03685267712,
        0.03771684412,
        0.03729396912,
        0.03791938512,
        0.036414094120000004
      ],
      "exit_codes": [
        0,
        0,
        0,
        0,
        0,
        0,
        0,
        0,
        0,
        0
      ]
    },
    {
      "command": "js-yaml",
      "mean": 0.03274140672,
      "stddev": 0.0010216477178183183,
      "median": 0.032385323120000004,
      "user": 0.04809202,
      "system": 0.00616764,
      "min": 0.03153417812,
      "max": 0.03446734412,
      "times": [
        0.03232267712,
        0.03219696912,
        0.03191596912,
        0.032654386120000004,
        0.03192546912,
        0.03153417812,
        0.03401809412,
        0.03393101112,
        0.03446734412,
        0.03244796912
      ],
      "exit_codes": [
        0,
        0,
        0,
        0,
        0,
        0,
        0,
        0,
        0,
        0
      ]
    }
  ]
}
