{
  "results": [
    {
      "command": "fast-yaml",
      "mean": 0.0356803517,
      "stddev": 0.0005972104102017895,
      "median": 0.0357435812,
      "user": 0.061445700000000006,
      "system": 0.007322119999999999,
      "min": 0.0347191642,
      "max": 0.0366770812,
      "times": [
        0.0366770812,
        0.0362430392,
        0.0358368732,
        0.0352502472,
        0.0353351222,
        0.0359672052,
        0.0350444562,
        0.0360800392,
        0.0356502892,
        0.0347191642
      ],
      "exit_codes": [
        0,
        0,
        0,
        0,
        0,
        0,
        0,
        0,
        0,
        0
      ]
    },
    {
      "command": "js-yaml",
      "mean": 0.026815855800000003,
      "stddev": 0.0003823880389689106,
      "median": 0.026751726200000003,
      "user": 0.0300348,
      "system": 0.00489792,
      "min": 0.026326998200000003,
      "max": 0.027386164200000004,
      "times": [
        0.027185830200000004,
        0.0263652062,
        0.026592247200000002,
        0.026820330200000003,
        0.0272800392,
        0.026326998200000003,
        0.026512039200000004,
        0.027386164200000004,
        0.026683122200000003,
        0.027006581200000004
      ],
      "exit_codes": [
        0,
        0,
        0,
        0,
        0,
        0,
        0,
        0,
        0,
        0
      ]
    }
  ]
}
